{"cameraMode":{"drawMode":0,"name":"Shaded","section":"Shading Mode"},"sceneLighting":true,"audioPlay":false,"sceneViewState":{"m_AlwaysRefresh":false,"showFog":true,"showSkybox":true,"showFlares":true,"showImageEffects":true,"showParticleSystems":true,"showVisualEffectGraphs":true,"m_FxEnabled":true},"in2DMode":false,"pivot":{"x":-0.031073661521077157,"y":1.001338243484497,"z":-0.07697812467813492},"rotation":{"x":0.034493133425712588,"y":-0.0014992093201726676,"z":0.0000517397238581907,"w":0.9994040727615356},"size":2.870584011077881,"orthographic":false}